{
  "baseline_accuracy": 0.7333,
  "finetuned_accuracy": 0.8222,
  "improvement": 0.0889,
  "test_set_size": 45,
  "label_map": {
    "analysis": 0,
    "hot_take": 1,
    "news_updates": 2,
    "meta_community": 3
  },
  "model": "distilbert-base-uncased",
  "classification_report": {
    "analysis": {
      "precision": 0.8571428571428571,
      "recall": 0.5,
      "f1-score": 0.631578947368421,
      "support": 12.0
    },
    "hot_take": {
      "precision": 0.6153846153846154,
      "recall": 0.8888888888888888,
      "f1-score": 0.7272727272727273,
      "support": 9.0
    },
    "news_updates": {
      "precision": 0.9333333333333333,
      "recall": 1.0,
      "f1-score": 0.9655172413793104,
      "support": 14.0
    },
    "meta_community": {
      "precision": 0.9,
      "recall": 0.9,
      "f1-score": 0.9,
      "support": 10.0
    },
    "accuracy": 0.8222222222222222,
    "macro avg": {
      "precision": 0.8264652014652015,
      "recall": 0.8222222222222222,
      "f1-score": 0.8060922290051147,
      "support": 45.0
    },
    "weighted avg": {
      "precision": 0.842018722018722,
      "recall": 0.8222222222222222,
      "f1-score": 0.8142587398485766,
      "support": 45.0
    }
  },
  "confusion_matrix": [
    [
      6,
      4,
      1,
      1
    ],
    [
      1,
      8,
      0,
      0
    ],
    [
      0,
      0,
      14,
      0
    ],
    [
      0,
      1,
      0,
      9
    ]
  ],
  "confusion_matrix_labels": [
    "analysis",
    "hot_take",
    "news_updates",
    "meta_community"
  ],
  "max_prediction_class_share": 0.3333,
  "split": {
    "train": 210,
    "val": 45,
    "test": 45,
    "random_state": 42
  }
}